record_id,operational_status,organization_type,name,acronym,name_alphabetized,url,alternate_or_former_names,alternate_or_former_acronyms,principal_officer_title,principal_officer_full_name,principal_officer_first_name,principal_officer_last_name,principal_officer_contact_url,reports_to,in_org_chart,listed_in_nyc_gov_agency_directory
NYC_GOID_000244,Active,Mayoral Office,Mayor's Advance Team,,"Advance Team, Mayor's",,,,Director,,,,,Deputy Mayor for Administration and Chief of Staff,true,false
NYC_GOID_000258,Active,Mayoral Office,Mayor's Office of Administrative Services,,"Administrative Services, Mayor's Office of",,,,Chief Administrative Officer,Mir Bashar,Mir,Bashar,,Deputy Mayor for Administration and Chief of Staff,true,true
NYC_GOID_000276,Active,Mayoral Office,Mayor's Office of Policy and Planning,,"Policy and Planning, Mayor's Office of",,Mayor's Office of Policy and Planning and Delivery,,"Director, Policy and Planning",,,,,,true,false
NYC_GOID_000306,Active,Mayoral Office,Mayor's Office of Municipal Services Assessment,MSA,"Municipal Services Assessment, Mayor's Office of",,,,,,,,,Deputy Mayor for Public Safety,true,false
NYC_GOID_000349,Active,Mayoral Office,Office of Capital Project Development,,"Capital Project Development, Office of",,,,,,,,,Deputy Mayor for Operations,true,false
NYC_GOID_000380,Active,Mayoral Office,Office of Scheduling and Executive Operations,,"Scheduling and Executive Operations, Office of",,,,Director,,,,,Deputy Mayor for Administration and Chief of Staff,true,false
NYC_GOID_100001,Active,Advisory or Regulatory Organization,Borough Boards,,Borough Boards,,,,,,,,,Office of the Borough President of The Bronx;Office of the Borough President of Brooklyn;Office of the Borough President of Manhattan;Office of the Borough President of Queens;Office of the Borough President of Staten Island,true,false
NYC_GOID_100008,Active,Mayoral Office,Office of Creative Communications,,"Creative Communications, Office of",,,,Associate Director for Digital Communications,,,,,Deputy Mayor for Communications,true,false
NYC_GOID_100031,Active,Mayoral Office,Mayor's Office of Rodent Mitigation,,"Rodent Mitigation, Mayor's Office of",,,,Director,,,,,,false,false
NYC_GOID_100040,Active,Mayoral Office,Mayor's Office of Community Safety,,"Community Safety, Mayor's Office of",,,,Commissioner,Ayesha Delany-Brumsey,,,,,true,true
NYC_GOID_000303,Active,Mayoral Office,Municipal Division of Transitional Services,,"Division of Transitional Services, Municipal",,,,,,,,,,false,false
NYC_GOID_100035,Active,Mayoral Office,Mayor's Office - Senior Advisor for Policy and Strategy,,Mayor's Office - Senior Advisor for Policy and Strategy,,,,,Simonia Brown,,,,,false,true
NYC_GOID_000367,Active,Mayoral Office,Office of Healthcare Accountability,,"Healthcare Accountability, Office of",,,,,,,,,,false,false
NYC_GOID_000163,Active,Mayoral Office,Deputy Mayor for Operations,DMOPS,"Operations, Deputy Mayor for",,,,Deputy Mayor for Operations,Julia Kerson,Julia,Kerson,,Office of the Mayor,true,true
NYC_GOID_000161,Active,Mayoral Office,Deputy Mayor for Health and Human Services,DMHHS,"Health and Human Services, Deputy Mayor for",,,,Deputy Mayor for Health and Human Services,Helen Arteaga,Helen,Arteaga,,Office of the Mayor,true,true
NYC_GOID_100007,Active,Mayoral Office,Mayor's Office - Director of Communications,,Mayor's Office - Director of Communications,,,,,Anna Bahr,,,,Deputy Mayor for Communications,true,true
NYC_GOID_000193,Active,Mayoral Office,First Deputy Mayor,FDM,First Deputy Mayor,,,,First Deputy Mayor,Dean Fuleihan,Dean,Fuleihan,,Office of the Mayor,true,true
NYC_GOID_100032,Active,Mayoral Office,Deputy Mayor for Housing and Planning,,"Housing and Planning, Deputy Mayor for",,,,Deputy Mayor for Housing and Planning,Leila Bozorg,Leila,Bozorg,,Office of the Mayor,true,true
NYC_GOID_000128,Active,Mayoral Office,Chief Counsel to the Mayor and City Hall,,Chief Counsel to the Mayor and City Hall,,Office of the Chief Counsel to the Mayor,,Chief Counsel to the Mayor and City Hall,Ramzi Kassem,Ramzi,Kassem,,Office of the Mayor,true,true
NYC_GOID_100033,Active,Mayoral Office,Deputy Mayor for Economic Justice,,"Economic Justice, Deputy Mayor for",,,,Deputy Mayor for Economic Justice,Julie Su,Julie,Su,,Office of the Mayor,true,true
NYC_GOID_000292,Active,Mayoral Office,Mayor's Office - Press Office,,Mayor's Office - Press Office,,,,Press Secretary,Joe Calvello,Joe,Calvello,,Deputy Mayor for Communications,true,true
NYC_GOID_000265,Active,Mayoral Office,Mayor's Office - Correspondence,,Mayor's Office - Correspondence,,,,Director,Dawn Baskerville,Dawn,Baskerville,,Deputy Mayor for Administration and Chief of Staff,true,true
NYC_GOID_100038,Active,Mayoral Office,Mayor's Office of LGBTQIA+ Affairs,,"LGBTQIA+ Affairs, Mayor's Office of",,,,Director,Taylor Brown,,,,,true,true
NYC_GOID_100037,Active,Mayoral Office,Deputy Mayor for Community Safety,,"Community Safety, Deputy Mayor for",,,,Deputy Mayor for Community Safety,Renita Francois,,,,,true,true
NYC_GOID_000287,Active,Mayoral Office,Mayor's Office of Risk Management and Compliance,MORMC,"Risk Management and Compliance, Mayor's Office of",,,,Director,,,,,Chief Counsel to the Mayor and City Hall,true,false
NYC_GOID_000246,Active,Mayoral Office,Chief of Staff to the Mayor,,Chief of Staff to the Mayor,,,,Chief of Staff to the Mayor,Elle Bisgaard-Church,Elle,Bisgaard-Church,,Mayor,true,true
NYC_GOID_100039,Active,Mayoral Office,Mayor's Office of Deed Theft Prevention,,"Deed Theft Prevention, Mayor's Office of",,,,Director,Peter White,,,,,true,true
NYC_GOID_000275,Active,Mayoral Office,Mayor's Office of Pensions and Investments,MOPI,"Pensions and Investments, Mayor's Office of",,,,Chief Pension Administrator,Ahmer Qadeer,Ahmer,Qadeer,,Department of Finance,true,true
NYC_GOID_000326,Active,Public Benefit or Development Organization,"New York City School Bus Umbrella Services, Inc.",,"School Bus Umbrella Services, Inc., New York City",https://www.nycsbus.com/,,,CEO,Matt Berlin,Matt,Berlin,,,false,false
NYC_GOID_000152,Active,Mayoral Agency,New York City Department of Sanitation,DSNY,"Sanitation, New York City Department of Sanitation",https://www.nyc.gov/site/dsny/index.page,Department of Sanitation;NYC Sanitation,,Commissioner,Gregory Anderson,Gregory,Anderson,https://www.nyc.gov/site/dsny/about/contact.page,Deputy Mayor for Operations,true,true
NYC_GOID_000217,Active,Mayoral Office,Mayor's Office of Housing Recovery Operations,HRO,"Housing Recovery Operations, Mayor's Office of",https://www1.nyc.gov/site/housingrecovery/index.page,,,Executive Director,Rudy S. Giuliani,Rudy,Giuliani,https://www.nyc.gov/site/housingrecovery/about/contacts.page,Deputy Mayor for Housing and Planning,true,true
NYC_GOID_000075,Active,Nonprofit Organization,Museum of Modern Art,MoMA,"Modern Art, Museum of",https://www.moma.org/,,,David Rockefeller Director,Glenn D. Lowry,Glenn,Lowry,,,false,false
NYC_GOID_000394,Active,Nonprofit Organization,Prospect Park Alliance,,Prospect Park Alliance,https://www.prospectpark.org/,,,President and Park Administrator,Morgan Monaco,Morgan,Monaco,,,false,false
NYC_GOID_000191,Active,Mayoral Agency,Fire Department of the City of New York,FDNY,Fire Department of the City of New York,https://www.nyc.gov/site/fdny/index.page,Fire Department,,Commissioner,Lillian Bonsignore,Lillian,Bonsignore,https://www.nyc.gov/site/fdny/about/overview/leadership/email-the-commissioner.page,Deputy Mayor for Operations,true,true
NYC_GOID_000382,Active,Mayoral Office,Office of Technology and Innovation,OTI,"Technology and Innovation, Office of",https://www.nyc.gov/content/oti/pages/,Department of Information Technology and Telecommunications,DoITT,Chief Technology Officer and Commissioner,Lisa Gelobter,Lisa,Gelobter,https://www.nyc.gov/content/oti/pages/email-the-chief-technology-officer,Deputy Mayor for Operations,true,true
NYC_GOID_000009,Active,Advisory or Regulatory Organization,Advisory Council on Procurement Lobbying,ACPL,"Procurement Lobbying, Advisory Council on",https://ogs.ny.gov/ACPL/,,,,,,,,,false,false
NYC_GOID_000449,Active,Public Benefit or Development Organization,Trust for Governors Island,,"Governors Island, Trust for",https://www.govisland.com/about/the-trust-for-governors-island,,,President and CEO,Clare Newman,Clare,Newman,https://www.govisland.com/about,,false,false
NYC_GOID_000462,Active,Advisory or Regulatory Organization,Workforce Development Council,,Workforce Development Council,https://www.nyc.gov/site/wkdev/workforce-board/about-the-council.page,,,,,,,,,false,false
NYC_GOID_000412,Active,State Government Agency,Richmond County Public Administrator,,"Public Administrator, Richmond County",https://www.nyc.gov/site/rcpa/index.page,,,Public Administrator,Edwina Frances Martin,Edwina,Martin,https://www.nyc.gov/site/rcpa/contact/contact.page,,false,true
NYC_GOID_000388,Active,Advisory or Regulatory Organization,Pay Equity Cabinet,,Pay Equity Cabinet,https://www.nyc.gov/content/genderequity/pages/economic-mobility-opportunity,,,,,,,,,false,false
NYC_GOID_000309,Active,Advisory or Regulatory Organization,MWBE Advisory Board,,MWBE Advisory Board,https://www.nyc.gov/assets/mwbe/?page=mwbe-advisory-council,,,,,,,,,false,false
NYC_GOID_000415,Active,Public Benefit or Development Organization,Sales Tax Asset Receivable Corporation,STAR,Sales Tax Asset Receivable Corporation,https://www.nyc.gov/site/starcorp/index.page,,,President,David Womack,David,Womack,https://www.nyc.gov/site/starcorp/about/contact-the-star.page,,false,false
NYC_GOID_000098,Active,Advisory or Regulatory Organization,City Planning Commission,CPC,City Planning Commission,https://www.nyc.gov/content/planning/pages/commission,,,Chair and Director,Dan Garodnick,Dan,Garodnick,,,false,false
NYC_GOID_000157,Active,Mayoral Agency,New York City Department of Transportation,NYC DOT,"Transportation, New York City Department of",https://www.nyc.gov/html/dot/html/home/home.shtml,Department of Transportation,DOT,Commissioner,Mike Flynn,Mike,Flynn,https://www.nyc.gov/html/dot/html/contact/contact-form.shtml,Deputy Mayor for Operations,true,true
NYC_GOID_000274,Active,Mayoral Office,Mayor's Office of Operations,OPS,"Operations, Mayor's Office of",https://www.nyc.gov/site/operations/index.page,,,Director,Annie Levers,Annie,Levers,https://www.nyc.gov/site/operations/about/email-the-director.page,Deputy Mayor for Operations,true,true
NYC_GOID_000156,Active,Division,Human Resources Administration,HRA,Human Resources Administration,https://www.nyc.gov/site/hra/index.page,,,Administrator,Scott French,Scott,French,https://www.nyc.gov/assets/home/mail/html/mailhra.html,Deputy Mayor for Health and Human Services,true,true
NYC_GOID_000151,Active,Mayoral Agency,Department of Records and Information Services,DORIS,"Records and Information Services, Department of",https://www.nyc.gov/site/records/index.page,,DoRIS,Commissioner,Shawn(ta) Smith-Cruz,Shawn(ta),Smith-Cruz,https://www.nyc.gov/site/records/about/email-the-commissioner.page,Deputy Mayor for Operations,true,true
NYC_GOID_000116,Active,Advisory or Regulatory Organization,Community Action Board at the NYC Department of Youth and Community Development,CAB,Community Action Board at the NYC Department of Youth and Community Development,https://www1.nyc.gov/site/dycd/involved/boards-and-councils/community-action-board.page,,,,,,,,,false,false
NYC_GOID_100036,Active,Mayoral Office,Mayor's Office to Combat Antisemitism,,"Combat Antisemitism, Mayor's Office to",https://www.nyc.gov/main/combat-antisemitism,,,Executive Director,Phylisa Wisdom,,,https://www.nyc.gov/main/forms/contact-combat-antisemitism,,true,true
NYC_GOID_000042,Active,Advisory or Regulatory Organization,Campaign Finance Board,CFB,Campaign Finance Board,https://www.nyccfb.info/,,,Executive Director,Paul S. Ryan,Paul,Ryan,http://www.nyccfb.info/about/contact,,false,true
NYC_GOID_000236,Active,Advisory or Regulatory Organization,Landmarks Preservation Commission,LPC,Landmarks Preservation Commission,https://www1.nyc.gov/site/lpc/index.page,,,Executive Director,Lisa Kersavage,Lisa,Kersavage,https://www.nyc.gov/site/lpc/about/contact-us.page,Deputy Mayor for Housing and Planning,true,true
NYC_GOID_000190,Active,Advisory or Regulatory Organization,Financial Information Services Agency,FISA,Financial Information Services Agency,https://www.nyc.gov/site/opa/about/opa-history.page,,,Executive Director,Neil Matthew,Neil,Matthew,,Office of the Mayor;Office of the New York City Comptroller,true,true
NYC_GOID_000346,Active,Mayoral Agency,Office of Administrative Trials and Hearings,OATH,"Administrative Trials and Hearings, Office of",https://www.nyc.gov/site/oath/index.page,,,Commissioner and Chief Administrative Law Judge,Vilda Vera Mayuga,Vilda,Mayuga,https://www.nyc.gov/site/oath/about/contact-the-commissioner-online-form.page,Chief Counsel to the Mayor and City Hall,true,true
NYC_GOID_000308,Active,Public Benefit or Development Organization,New York City Municipal Water Finance Authority,NYW,"Municipal Water Finance Authority, New York City",https://www.nyc.gov/site/nyw/index.page,,,Chief Executive Officer,David Womack,David,Womack,https://www.nyc.gov/site/nyw/about/contact.page,,false,false
NYC_GOID_000445,Active,Public Benefit or Development Organization,Tobacco Settlement Asset Securitization Corporation,TSASC,Tobacco Settlement Asset Securitization Corporation,https://www1.nyc.gov/site/tsasc/index.page,,,President,David Womack,David,Womack,,,false,false
NYC_GOID_000109,Active,Advisory or Regulatory Organization,Commission to Combat Police Corruption,CCPC,"Combat Police Corruption, Commission to",https://www.nyc.gov/site/ccpc/index.page,,,Executive Director,,,,https://www.nyc.gov/site/ccpc/about/email-the-chairperson.page,Chief Counsel to the Mayor and City Hall,true,true
NYC_GOID_000000,Active,Division,NYC311,311,NYC311,https://portal.311.nyc.gov/,311,,Deputy Commissioner,Joseph Morrisroe,Joseph,Morrisroe,,Office of Technology and Innovation,true,true
NYC_GOID_000226,Active,Mayoral Office,Office of Intergovernmental Affairs,MOIGA,"Intergovernmental Affairs, Office of",https://www.nyc.gov/site/intergovernmental/index.page,Mayor's Office of Office of Intergovernmental Affairs,IGA,Director of Intergovernmental Affairs,Jahmila Edwards,Jahmila,Edwards,https://www.nyc.gov/site/intergovernmental/about/contact-moiga.page,Chief of Staff,true,true
NYC_GOID_000238,Active,Mayoral Agency,New York City Law Department,LAW,"Law Department, New York City",https://www.nyc.gov/site/law/index.page,Law Department;Office of the Corporation Counsel,Law;Law Dept.,Corporation Counsel,Steven Banks,Steven,Banks,https://www.nyc.gov/site/law/contact/contact-nyc-law-department.page,Mayor,true,true
NYC_GOID_000284,Active,Mayoral Office,Mayor's Office for People with Disabilities,MOPD,"People with Disabilities, Mayor's Office for",https://www.nyc.gov/site/mopd/index.page,,,Commissioner,Nisha Agarwal,Nisha,Agarwal,https://www.nyc.gov/site/mopd/about/email-the-commissioner.page,Deputy Mayor for Health and Human Services,true,true
NYC_GOID_000240,Active,Advisory or Regulatory Organization,New York City Loft Board,LOFT,"Loft Board, New York City",https://www.nyc.gov/site/loftboard/index.page,,,Executive Director / General Counsel,"Martha Cruz, Esq",Martha,Cruz,https://www.nyc.gov/site/loftboard/about/contact-us.page,,false,true
NYC_GOID_100019,Active,Mayoral Office,Mayor's Office of Faith-Based and Community Partnerships,OFCP,"Faith-Based and Community Partnerships, Mayor's Office of",https://www.nyc.gov/site/cfcp/index.page,,,Executive Director,Pastor Gilford Monrose,Gilford,Monrose,,Mayor's Office of Mass Engagement,false,true
NYC_GOID_000083,Active,Nonprofit Organization,Queens Botanical Garden,QBG,"Botanical Garden, Queens",https://queensbotanical.org/,,,Executive Director,Evie Hantzopoulos,Evie,Hantzopoulos,,,false,false
NYC_GOID_000356,Active,Mayoral Office,Mayor's Office of Community Mental Health,OCMH,"Community Mental Health, Mayor's Office of",https://mentalhealth.cityofnewyork.us/,,OCMH,Director,Eva Wong,Eva,Wong,https://mentalhealth.cityofnewyork.us/contact-us,Deputy Mayor for Health and Human Services,true,true
NYC_GOID_000476,Active,Public Benefit or Development Organization,Metropolitan Transportation Authority,MTA,Metropolitan Transportation Authority,https://new.mta.info/,,,Chair and Chief Executive Officer,Janno Lieber,Janno,Lieber,,,false,false
NYC_GOID_000448,Active,Public Benefit or Development Organization,Trust for Cultural Resources,TCR,"Cultural Resources, Trust for",https://www.tcrnyc.org/,,,,,,,,,false,false
NYC_GOID_000201,Active,Advisory or Regulatory Organization,Get Stuff Built Advisory Board,,Get Stuff Built Advisory Board,https://www.nyc.gov/site/getstuffbuilt/initiatives/get-stuff-built.page,,,Executive Director,Robert Holbrook,Robert,Holbrook,,,false,false
NYC_GOID_000320,Active,Advisory or Regulatory Organization,New York City Housing Authority Board,,"Housing Authority Board, New York City",https://www1.nyc.gov/site/nycha/about/nycha-board.page,,,,,,,,,false,false
NYC_GOID_000338,Active,Advisory or Regulatory Organization,Nonprofit Advisory Council,,Nonprofit Advisory Council,https://www.nyc.gov/site/nonprofits/about/advisory-council.page,,,,,,,,,false,false
NYC_GOID_000137,Active,Mayoral Agency,Department of City Planning,DCP,"City Planning, Department of",https://www.nyc.gov/site/planning/index.page,,,Director,Daniel Garodnick,Daniel,Garodnick,https://www.nyc.gov/site/planning/about/email-the-director.page,Deputy Mayor for Housing and Planning,true,true
NYC_GOID_000102,Active,Division,Civic Engagement Commission,CEC,Civic Engagement Commission,https://www.nyc.gov/site/civicengagement/index.page,,,Chair and Executive Director,Sarah Sayeed,Sarah,Sayeed,https://www.nyc.gov/site/civicengagement/about/contact.page,Mayor's Office of Mass Engagement,true,true
NYC_GOID_000158,Active,Mayoral Agency,Department of Veterans' Services,DVS,"Veterans' Services, Department of",https://www.nyc.gov/site/veterans/index.page,,,Commissioner,Yesenia Mata,Yesenia,Mata,https://www.nyc.gov/site/veterans/contact/contact.page,Deputy Mayor for Health and Human Services,true,true
NYC_GOID_100004,Active,Division,NYC HER Future,,NYC HER Future,https://www.nyc.gov/content/nycherfuture/pages/,,,Executive Director,Nathifa Forde,Nathifa,Forde,https://www.nyc.gov/content/nycherfuture/pages/get-involved,Mayor's Office of Equity and Racial Justice,true,true
NYC_GOID_000310,Active,Nonprofit Organization,New York City Tourism + Conventions,,"Tourism + Conventions, New York City",https://www.nyctourism.com/,NYC & Company,,President and CEO,Julie Coker,Julie,Coker,,Deputy Mayor for Economic Justice,true,true
NYC_GOID_000024,Active,Advisory or Regulatory Organization,Board of Health,,"Health, Board of",https://www1.nyc.gov/site/doh/about/about-doh/board-of-health.page,,,,,,,,,false,false
NYC_GOID_000050,Active,Advisory or Regulatory Organization,Charter Revision Commission,,Charter Revision Commission,https://www.nyc.gov/site/charter/index.page,,,Executive Director,Alec Schierenbeck,Alec,Schierenbeck,https://www.nyc.gov/site/charter/contact/contact-charter.page,,false,true
NYC_GOID_000425,Active,Advisory or Regulatory Organization,Special Commissioner of Investigation for the New York City School District,SCI,"New York City School District, Special Commissioner of Investigation for the",https://nycsci.org/,,,Special Commissioner,Anastasia Coleman,Anastasia,Coleman,https://nycsci.org/contact-us/,,false,false
NYC_GOID_000100,Active,Public Benefit or Development Organization,City University Construction Fund,CUCF,City University Construction Fund,https://www.cuny.edu/about/administration/offices/fpcm/cucf/,,,Executive Director,Mohamed Attalla,Mohamed,Attalla,,First Deputy Mayor,false,false
NYC_GOID_000205,Active,Advisory or Regulatory Organization,Green Economy Advisory Council,,Green Economy Advisory Council,https://edc.nyc/press-release/nycedc-announces-new-york-citys-first-ever-green-economy-advisory-council,,,,,,,,,false,false
NYC_GOID_000277,Active,Mayoral Office,Mayor's Office of Special Enforcement,OSE,"Special Enforcement, Mayor's Office of",https://www.nyc.gov/site/specialenforcement/index.page,,AJC,Executive Director,Christian J. Klossner,Christian,Klossner,https://www.nyc.gov/site/specialenforcement/about/contact-us.page,First Deputy Mayor,false,true
NYC_GOID_000233,Active,Advisory or Regulatory Organization,Juvenile Justice Advisory Board,,Juvenile Justice Advisory Board,https://www.nyc.gov/site/acs/about/data-analysis.page,,,,,,,,,false,false
NYC_GOID_000047,Active,Mayoral Office,Center for Innovation through Data Intelligence,CIDI,Center for Innovation through Data Intelligence,https://www.nyc.gov/site/cidi/index.page,,,Executive Director,Maryanne Schretzman,Maryanne,Schretzman,https://www.nyc.gov/site/cidi/contact/contact.page,First Deputy Mayor,true,true
NYC_GOID_000028,Active,Elected Office,Office of the Borough President of Manhattan,,"Borough President, Manhattan",https://www.manhattanbp.nyc.gov/,,,Manhattan Borough President,Brad Hoylman-Sigal,Brad,Hoylman-Sigal,https://www.manhattanbp.nyc.gov/connect/,,true,true
NYC_GOID_000089,Active,Nonprofit Organization,Staten Island Museum,,"Museum, Staten Island",https://www.statenislandmuseum.org/,,,President & Chief Executive Officer,Janice Monger,Janice,Monger,,,false,false
NYC_GOID_000074,Active,Nonprofit Organization,Museum of Jewish Heritage,,"Jewish Heritage, Museum of",https://mjhnyc.org/,,,President & CEO,Jack Kliger,Jack,Kliger,,,false,false
NYC_GOID_000262,Active,Mayoral Office,Mayor's Office of Climate and Environmental Justice,MOCEJ,"Climate and Environmental Justice, Mayor's Office of",https://climate.cityofnewyork.us/,,,Chief Climate Officer,Louise Yeung,Louise,Yeung,https://climate.cityofnewyork.us/contact-us/,Deputy Mayor for Operations,true,true
NYC_GOID_000096,Active,Advisory or Regulatory Organization,City Commission on Human Rights,CCHR,City Commission on Human Rights,https://www.nyc.gov/site/cchr/index.page,,,Chair and Commissioner,Christine Clarke,Christine,Clarke,https://www.nyc.gov/site/cchr/about/email-the-commissioner.page,Deputy Mayor for Economic Justice,true,true
NYC_GOID_000328,Active,Division,NYC Service,,NYC Service,https://www.nycservice.org/,,,Chief Service Officer,Laura Rog,Laura,Rog,https://www.nycservice.org/contact,Mayor's Office of Mass Engagement,true,true
NYC_GOID_000464,Active,Nonprofit Organization,National September 11 Memorial and Museum,,National September 11 Memorial and Museum,https://www.911memorial.org/,World Trade Center Memorial Foundation;9/11 Memorial & Museum,,President and CEO,Elizabeth L. Hillman,Elizabeth,Hillman,,,false,false
NYC_GOID_000271,Active,Mayoral Office,Mayor's Office of Media and Entertainment,MOME,"Media and Entertainment, Mayor's Office of",https://www.nyc.gov/site/mome/index.page,,,Commissioner,Rafael Espinal,Rafael,Espinal,https://www.nyc.gov/site/mome/about/email-the-commissioner.page,Deputy Mayor for Economic Justice,true,true
NYC_GOID_000343,Active,Advisory or Regulatory Organization,New York City Office of the Actuary,NYCOA,"Actuary, New York City Office of the",https://www.nyc.gov/site/actuary/index.page,,,Chief Actuary,Marek Tyszkiewicz,Marek,Tyszkiewicz,https://www1.nyc.gov/site/actuary/contactus/email-the-office.page,,false,true
NYC_GOID_000081,Active,Nonprofit Organization,MoMA PS1,MOMA PS1,PS 1 Contemporary Art Center,https://www.momaps1.org/,PS 1 Contemporary Art Center,,The Agnes Gund Director,Connie Butler,Connie,Butler,,,false,false
NYC_GOID_100012,Active,Division,Office of Information Privacy,OIP,"Information Privacy, Office of",https://www.nyc.gov/content/oti/pages/meet-the-team/information-privacy,,MOIP,Chief Privacy Officer,Michael Fitzpatrick,Michael,Fitzpatrick,https://www.nyc.gov/content/oti/pages/email-the-chief-technology-officer,Office of Technology and Innovation,true,true
NYC_GOID_000269,Active,Mayoral Office,Mayor's Office of Food Policy,MOFP,"Food Policy, Mayor's Office of",https://www.nyc.gov/site/foodpolicy/index.page,,,Executive Director,Kate MacKenzie,Kate,MacKenzie,https://www.nyc.gov/site/foodpolicy/about/contact.page,Deputy Mayor for Health and Human Services,true,true
NYC_GOID_000298,Active,Mayoral Office,Mayor's Office of the Utility Consumer Advocate,,"Utility Consumer Advocate, Mayor's Office of the",https://www.nyc.gov/content/climate/pages/utility-consumer-advocate,,,,,,,,,false,true
NYC_GOID_100029,Active,Mayoral Office,Office Conversion Accelerator,,Office Conversion Accelerator,https://www.nyc.gov/site/officeconversions/index.page,,,,,,,https://www.nyc.gov/site/officeconversions/contact/contact.page,,false,true
NYC_GOID_000377,Active,Mayoral Agency,Office of Payroll Administration,OPA,"Payroll Administration, Office of",https://www.nyc.gov/site/opa/index.page,,,Executive Director,Neil Matthew,Neil,Matthew,https://www.nyc.gov/site/opa/about/email-the-office.page,Office of the Mayor;Office of the New York City Comptroller,true,true
NYC_GOID_000351,Active,Mayoral Office,Mayor's Office for Childcare and Early Childhood Education,OCCECE,"Child Care and Early Childhood Education, Mayor's Office for",https://www.nyc.gov/site/childcare/index.page,,,Executive Director,Emmy Liss,Emmy,Liss,https://www.nyc.gov/site/childcare/contact/contact-us.page,First Deputy Mayor,true,true
NYC_GOID_000070,Active,Nonprofit Organization,Jazz at Lincoln Center,,Jazz at Lincoln Center,https://www.jazz.org/,,,Managing and Artistic Director,Wynton Marsalis,Wynton,Marsalis,,,false,false
NYC_GOID_000103,Active,Advisory or Regulatory Organization,Civil Service Commission,CSC,Civil Service Commission,https://www.nyc.gov/site/csc/index.page,,,Executive Director and General Counsel,Amanda M. Wismans,Amanda,Wismans,https://www.nyc.gov/site/csc/about/send-a-message-to-chair.page,,false,true
NYC_GOID_000092,Active,Nonprofit Organization,Wave Hill,,Wave Hill,https://www.wavehill.org/,,,President & Executive Director,Ray B. Oladapo-Johnson,Ray,Oladapo-Johnson,,,false,false
NYC_GOID_100010,Active,Division,Cyber Command,,Cyber Command,https://www.nyc.gov/content/oti/pages/meet-the-team/cyber-command,NYC Cyber Command,NYC3,Chief Information Security Officer,Kelly Moan,Kelly,Moan,https://www.nyc.gov/content/oti/pages/email-the-chief-technology-officer,Office of Technology and Innovation,true,true
NYC_GOID_000181,Active,Public Benefit or Development Organization,Educational Construction Fund,ECF,Educational Construction Fund,https://infohub.nyced.org/reports/financial/educational-construction-fund,,,Chief Executive Officer,Jennifer Maldonado,Jennifer,Maldonado,,,false,false
NYC_GOID_000025,Active,Advisory or Regulatory Organization,Board of Standards and Appeals,BSA,"Standards and Appeals, Board of",https://www.nyc.gov/site/bsa/index.page,,,Executive Director,Carlo Costanza,Carlo,Costanza,https://www.nyc.gov/site/bsa/contact-bsa/contact-the-bsa.page,,false,true
NYC_GOID_100002,Active,Division,Office of the Special Narcotics Prosecutor,,"Special Narcotics Prosecutor, Office of the",https://www.snpnyc.org/,,,Special Narcotics Prosecutor,Bridget G. Brennan,Bridget,Brennan,,Bronx County District Attorney's Office;Brooklyn District Attorney's Office;Manhattan District Attorney's Office;Queens District Attorney's Office;Office of the District Attorney Richmond County,true,true
NYC_GOID_000315,Active,Mayoral Agency,New York City Emergency Management,NYCEM,"Emergency Management, New York City",https://www.nyc.gov/site/em/index.page,NYC Emergency Management;Office of Emergency Management,OEM,Commissioner,Christina Farrell,Christina,Farrell,https://www.nyc.gov/site/em/contact/email-the-commissioner.page,Deputy Mayor for Operations,true,true
NYC_GOID_000198,Active,Nonprofit Organization,Fund for Public Schools,,Fund for Public Schools,https://www.fundforpublicschools.org/,,,Chief Executive Officer,Stephen Cockrell,Stephen,Cockrell,,,false,false
NYC_GOID_000267,Active,Mayoral Office,Mayor's Office of Equity and Racial Justice,MOERJ,"Equity and Racial Justice, Mayor's Office of",https://www.nyc.gov/site/equity/index.page,Mayor's Office of Equity,MOE,Chief Equity Officer & Commissioner,Afua Atta-Mensah,Afua,Atta-Mensah,https://www.nyc.gov/site/equity/contact/contact.page,Deputy Mayor for Strategic Initiatives,true,true
NYC_GOID_000268,Active,Mayoral Office,Mayor's Office of Ethnic and Community Media,MOECM,"Ethnic and Community Media, Mayor's Office of",https://www.nyc.gov/site/ethnicmedia/index.page,,,Executive Director,,,,https://www.nyc.gov/site/ethnicmedia/contact/contact.page,Mayor's Office of Mass Engagement,true,true
NYC_GOID_000387,Active,Advisory or Regulatory Organization,Panel on Educational Policy,PEP,Panel on Educational Policy,https://www.schools.nyc.gov/about-us/leadership/panel-for-education-policy,,,,,,,,,false,false
NYC_GOID_000257,Active,Mayoral Office,Mayor's Office for Nonprofit Services,MONS,"Nonprofit Services, Mayor's Office for",https://www.nyc.gov/site/nonprofits/index.page,Office of not-for-profit organization services;Mayor's Office of Nonprofits,,Executive Director,Michael Sedillo,Michael,Sedillo,https://www.nyc.gov/site/nonprofits/contact/contact.page,Deputy Mayor for Operations,true,true
NYC_GOID_000202,Active,Nonprofit Organization,Gracie Mansion Conservancy,,Gracie Mansion Conservancy,https://www.graciemansion.org/,,,Executive Director,Andrea Shapiro Davis,Andrea,Davis,,Chief of Staff,true,true
NYC_GOID_000061,Active,Nonprofit Organization,Bronx Museum of the Arts,,"Museum of the Arts, Bronx",https://www.bronxmuseum.org/,,,Director & Chief Curator,Shamim M. Momin,Shamim,Momin,,,false,false
NYC_GOID_000071,Active,Nonprofit Organization,Lincoln Center Theater,LCT,Lincoln Center Theater,https://www.lct.org/,,,Artistic Director,Kewsong Lee,Kewsong,Lee,,,false,false
NYC_GOID_000215,Active,Public Benefit or Development Organization,Housing Development Corporation,NYC HDC,Housing Development Corporation,https://www.nychdc.com/,,,President,Eric Enderlin,Eric,Enderlin,https://www.nychdc.com/contact,Deputy Mayor of Housing Economic and Workforce Development,true,true
NYC_GOID_000125,Active,Public Benefit or Development Organization,Convention Center Development Corporation,CCDC,Convention Center Development Corporation,https://esd.ny.gov/new-york-convention-center-development-corporation-0,,,President,Rebecca Pellegrini,Rebecca,Pellegrini,,,false,false
NYC_GOID_000433,Active,Advisory or Regulatory Organization,Taskforce on Racial Inclusion and Equity,TRIE,"Racial Inclusion and Equity, Taskforce on",https://www.nyc.gov/site/trie/index.page,,,,,,,,,false,true
NYC_GOID_000437,Active,Pension Fund,Teachers' Retirement System of City of New York,TRS,Teachers' Retirement System of City of New York,https://www.trsnyc.org,,,Executive Director,Patricia Reilly,Patricia,Reilly,https://www.trsnyc.org/memberportal/Resources/ResContactUs,,false,true
NYC_GOID_000171,Active,Elected Office,Queens District Attorney's Office,,"District Attorney's Office, Queens",https://queensda.org/,Queens County District Attorney's Office,,District Attorney,Melinda Katz,Melinda,Katz,https://queensda.org/contact-us/,,true,true
NYC_GOID_000064,Active,Nonprofit Organization,Brooklyn Children's Museum,BCM,"Children's Museum, Brooklyn",https://www.brooklynkids.org/,,,President and CEO,Atiba T. Edwards,Atiba,Edwards,,,false,false
NYC_GOID_000130,Active,Pension Fund,Cultural Institutions Retirement System,CIRS,Cultural Institutions Retirement System,https://cirsplans.org/,,,Executive Director,Richard Scheer,Richard,Scheer,,,false,true
NYC_GOID_000196,Active,Public Benefit or Development Organization,Forest Park Trust,,Forest Park Trust,https://forestparktrust.org/,,,,,,,,,false,false
NYC_GOID_000319,Active,Public Benefit or Development Organization,New York City Housing Authority,NYCHA,"Housing Authority, New York City",https://www.nyc.gov/site/nycha/index.page,,,Chief Executive Officer,Lisa Bova-Hiatt,Lisa,Bova-Hiatt,https://www.nyc.gov/site/nycha/about/contact.page,Deputy Mayor for Housing and Planning,true,true
NYC_GOID_000014,Active,Advisory or Regulatory Organization,"Archives, Reference and Research Advisory Board",ARRAB,"Archives, Reference and Research Advisory Board",https://www.nyc.gov/site/records/about/archives-reference-and-research-advisory-board.page,,,,,,,,,false,false
NYC_GOID_000113,Active,Advisory or Regulatory Organization,Commission on Racial Equity,CORE,"Racial Equity, Commission on",https://www.nyc.gov/content/core/pages/,,,Chair & Executive Director,Linda Tigani,Linda,Tigani,https://www.nyc.gov/content/core/pages/contact-us,Deputy Mayor for Economic Justice,true,true
NYC_GOID_100006,Active,Division,Mayor's Office of Urban Agriculture,MOUA,"Urban Agriculture, Mayor's Office of",https://www1.nyc.gov/site/agriculture/index.page,,,Director,Qiana Mickie,Qiana,Mickie,https://www.nyc.gov/site/agriculture/contact/contact.page,Mayor's Office of Climate and Environmental Justice,true,true
NYC_GOID_000079,Active,Nonprofit Organization,New York City Center,,New York City Center,https://www.nycitycenter.org/,,,President & CEO,Michael S. Rosenberg,Michael,Rosenberg,,,false,false
NYC_GOID_100018,Active,Mayoral Office,Mayor's Office to Prevent Gun Violence,OPGV,"Prevent Gun Violence, Mayor's Office to",https://www1.nyc.gov/site/peacenyc/index.page,,,,Jessica Mofield,Jessica,Mofield,,First Deputy Mayor,false,true
NYC_GOID_000068,Active,Nonprofit Organization,Flushing Council on Culture and the Arts / Flushing Town Hall,,Flushing Council on Culture and the Arts / Flushing Town Hall,https://www.flushingtownhall.org/,Flushing Town Hall,,Executive and Artistic Director,Ellen Kodadek,Ellen,Kodadek,,,false,false
NYC_GOID_000260,Active,Mayoral Office,Mayor's Office of Appointments,,"Appointments, Mayor's Office of",https://www.nyc.gov/content/appointments/pages/,,,Director,Stephanie Silkowski,Stephanie,Silkowski,,Chief of Staff,true,true
NYC_GOID_000078,Active,Nonprofit Organization,New York City Ballet,,"Ballet, New York City",https://www.nycballet.com/,,,Executive Director,Katherine E. Brown,Katherine,Brown,,,false,false
NYC_GOID_000060,Active,Nonprofit Organization,Bronx County Historical Society,,"Historical Society, Bronx County",https://bronxhistoricalsociety.org,,,CEO,Gary Hermalyn,Gary,Hermalyn,,,false,false
NYC_GOID_000080,Active,Nonprofit Organization,New York Hall of Science,NYSCI,"Hall of Science, New York",https://nysci.org/,,,CEO and President,Lisa J. Gugenheim,Lisa,Gugenheim,,,false,false
NYC_GOID_000314,Active,Advisory or Regulatory Organization,New York City Districting Commission,,"Districting Commission, New York City",https://www.nyc.gov/site/districting/index.page,,,,,,,,,false,true
NYC_GOID_000280,Active,Mayoral Office,Mayor's Office of Strategic Partnerships,OSP,"Strategic Partnerships, Mayor's Office of",https://www.nyc.gov/site/partnerships/index.page,,,Executive Director,,,,https://www.nyc.gov/site/partnerships/contact/contact-strategic-partnerships.page,,false,true
NYC_GOID_000023,Active,Advisory or Regulatory Organization,Board of Elections,BOE,"Elections, Board of",https://vote.nyc/,,,Executive Director,Michael J. Ryan,Michael,Ryan,https://vote.nyc/page/contact-us,,false,true
NYC_GOID_000259,Active,Division,Mayor's Office of Animal Welfare,MOAW,"Animal Welfare, Mayor's Office of",https://www.nyc.gov/site/animalwelfare/index.page,,,Director,Alexandra Silver,Alexandra,Silver,https://www.nyc.gov/site/animalwelfare/about/contact-us.page,Mayor's Community Affairs Unit,true,true
NYC_GOID_000389,Active,Mayoral Agency,New York City Police Department,NYPD,"Police Department, New York City",https://www.nyc.gov/site/nypd/index.page,Police Department,,Commissioner,Jessica Tisch,Jessica,Tisch,https://www.nyc.gov/site/nypd/about/about-nypd/email-the-commissioner.page,First Deputy Mayor,true,true
NYC_GOID_000192,Active,Pension Fund,Fire Department Pension Fund and Related Funds,,Fire Department Pension Fund and Related Funds,https://nycfirepension.org/,,,Executive Director,LeRoy McGinnis,LeRoy,McGinnis,,,false,true
NYC_GOID_000091,Active,Nonprofit Organization,Studio Museum in Harlem,,Studio Museum in Harlem,https://studiomuseum.org/,,,Ford Foundation Director and Chief Curator,Thelma Golden,Thelma,Golden,,,false,false
NYC_GOID_000021,Active,Advisory or Regulatory Organization,Board of Correction,BOC,"Correction, Board of",https://www.nyc.gov/site/boc/index.page,,,Executive Director,Jasmine Georges-Yilla,Jasmine,Georges-Yilla,https://www.nyc.gov/site/boc/about/contact-the-executive-director.page,,false,true
NYC_GOID_000143,Active,Mayoral Agency,New York City Public Schools,NYCPS,"Public Schools, New York City",https://www.schools.nyc.gov/,Department of Education;NYC Public Schools,DOE,Chancellor,Kamar Samuels,Kamar,Samuels,https://www.schools.nyc.gov/get-help,First Deputy Mayor,true,true
NYC_GOID_000029,Active,Elected Office,Office of the Borough President of Queens,,"Borough President, Queens",https://www.queensbp.nyc.gov/,,,Queens Borough President,Donovan J. Richards Jr.,Donovan,Richards,https://www.queensbp.nyc.gov/,,true,true
NYC_GOID_000216,Active,Mayoral Agency,Department of Housing Preservation and Development,HPD,"Housing Preservation and Development, Department of",https://www.nyc.gov/site/hpd/index.page,Housing Preservation and Development,,Commissioner,Dina Levy,Dina,Levy,https://www.nyc.gov/site/hpd/contact/email-the-commissioner.page,Deputy Mayor for Housing and Planning,true,true
NYC_GOID_000094,Active,Nonprofit Organization,Wildlife Conservation Society,WCS,Wildlife Conservation Society,https://www.wcs.org/,,,President and CEO,Adam F. Falk,Adam,Falk,,,false,false
NYC_GOID_000214,Active,Advisory or Regulatory Organization,HIV/AIDS Services Advisory Board,HASA,HIV/AIDS Services Advisory Board,https://www1.nyc.gov/site/hra/help/hiv-aids-services.page,,,,,,,,,false,false
NYC_GOID_000248,Active,Nonprofit Organization,Mayor's Fund to Advance New York City,,Mayor's Fund to Advance New York City,https://www.nyc.gov/site/fund/index.page,,,Executive Director,Kate Smith,Kate,Smith,https://www.nyc.gov/site/fund/about/contact.page,Chief of Staff,true,true
NYC_GOID_000222,Active,Advisory or Regulatory Organization,Independent Budget Office,IBO,Independent Budget Office,https://www.ibo.nyc.ny.us/,,,Director,Louisa Chafee,Louisa,Chafee,https://www.ibo.nyc.ny.us/aboutStaffDirectory.html,,true,true
NYC_GOID_000177,Active,Public Benefit or Development Organization,Economic Development Corporation,NYCEDC,Economic Development Corporation,https://edc.nyc/,,,President and CEO,Andrew Kimball,Andrew,Kimball,https://edc.nyc/contact-us,Deputy Mayor for Economic Justice,true,true
NYC_GOID_000085,Active,Nonprofit Organization,Queens Theatre in the Park,,"Theatre in the Park, Queens",https://queenstheatre.org/,,,Executive Director,Taryn Sacramone,Taryn,Sacramone,,,false,false
NYC_GOID_000418,Active,Advisory or Regulatory Organization,Senior Advisory Council,,Senior Advisory Council,https://www1.nyc.gov/site/dfta/about/advisory-council.page,,,,,,,,,false,false
NYC_GOID_000395,Active,State Government Agency,Bronx County Public Administrator,,"Public Administrator, Bronx County",https://www.nyc.gov/site/bronxpa/index.page,,,Public Administrator,Danielle S. Powell,Danielle,Powell,https://www.nyc.gov/site/bronxpa/contact/contact.page,,false,true
NYC_GOID_000283,Active,Mayoral Office,Mayor's Office of Youth Employment,MOYE,"Youth Employment, Mayor's Office of",https://www.nyc.gov/site/youthemployment/index.page,,,,,,,,,false,true
NYC_GOID_000270,Active,Mayoral Office,Mayor's Office of Immigrant Affairs,MOIA,"Immigrant Affairs, Mayor's Office of",https://www.nyc.gov/site/immigrants/index.page,,,Commissioner,Faiza Ali,Faiza,Ali,https://www.nyc.gov/site/immigrants/about/contact-us.page,Deputy Mayor for Economic Justice,true,true
NYC_GOID_100023,Active,Advisory or Regulatory Organization,Tax Appeals Tribunal,,Tax Appeals Tribunal,https://www1.nyc.gov/site/taxappeals/index.page,,,,,,,,,false,true
NYC_GOID_000140,Active,Mayoral Agency,Department of Correction,DOC,"Correction, Department of",https://www.nyc.gov/site/doc/index.page,,,Commissioner,Stanley Richards,Stanley,Richards,https://www.nyc.gov/site/doc/about/contact-the-commissioner.page,First Deputy Mayor,true,true
NYC_GOID_000251,Active,Elected Office,Office of the Mayor,OM,"Mayor, Office of the",https://www.nyc.gov/mayors-office,Office of the Mayor of the City of New York;Mayor's Office,,Mayor,Zohran K. Mamdani,Zohran,Mamdani,https://www.nyc.gov/mayors-office/contact-the-mayor,,true,true
NYC_GOID_000142,Active,Mayoral Agency,Department of Design and Construction,DDC,"Design and Construction, Department of",https://www.nyc.gov/site/ddc/index.page,,,Commissioner,Paul Ochoa,Paul,Ochoa,https://www.nyc.gov/site/ddc/about/contact-form.page?recipient=Paul%20A.%20Ochoa,Deputy Mayor for Operations,true,true
NYC_GOID_000245,Active,Advisory or Regulatory Organization,Mayor's Advisory Committee on the Judiciary,MACJ,"Judiciary, Mayor's Advisory Committee on the",https://www1.nyc.gov/site/macj/index.page,,,Chair,Ali Najmi,Ali,Najmi,https://www.nyc.gov/site/macj/about/contact-acj.page,Chief Counsel to the Mayor and City Hall,true,true
NYC_GOID_000077,Active,Nonprofit Organization,New York Botanical Garden,NYBG,"Botanical Garden, New York",https://www.nybg.org/,,,CEO & The William C. Steere Sr. President,Jennifer Bernstein,Jennifer,Bernstein,,,false,false
NYC_GOID_000123,Active,Elected Office,Office of the New York City Comptroller,,"Comptroller, Office of the New York City",https://comptroller.nyc.gov/,Comptroller,,Comptroller,Mark Levine,Mark,Levine,https://comptroller.nyc.gov/about/contact-our-office/,,true,true
NYC_GOID_000281,Active,Mayoral Office,Mayor's Office of Talent and Workforce Development,NYC Talent,"Talent and Workforce Development, Mayor's Office of",https://www.nyc.gov/site/wkdev/index.page,,,Executive Director,Doug Lipari,Doug,Lipari,https://www.nyc.gov/site/wkdev/about/contact.page,Deputy Mayor for Economic Justice,true,true
NYC_GOID_000136,Active,Mayoral Agency,Department of Buildings,DOB,"Buildings, Department of",https://www.nyc.gov/site/buildings/index.page,,,Commissioner,Ahmed Tigani,Ahmed,Tigani,https://www.nyc.gov/assets/home/mail/html/maildob.html,Deputy Mayor for Housing and Planning,true,true
NYC_GOID_000312,Active,Mayoral Office,New York City Children's Cabinet,,"Children's Cabinet, New York City",https://www.nyc.gov/site/childrenscabinet/index.page,,,Executive Director,Ahsia Badi,Ahsia,Badi,https://www.nyc.gov/site/childrenscabinet/contact-us/contact-us.page,First Deputy Mayor,true,true
NYC_GOID_000118,Active,Advisory or Regulatory Organization,Community Boards,CB,Community Boards,https://www.nyc.gov/site/communityboards/index.page,,,,,,,https://www.nyc.gov/site/cau/community-boards/community-boards.page,,false,true
NYC_GOID_000027,Active,Elected Office,Office of the Borough President of Brooklyn,,"Borough President, Brooklyn",https://www.brooklynbp.nyc.gov/,,,Brooklyn Borough President,Antonio Reynoso,Antonio,Reynoso,https://www.brooklynbp.nyc.gov/contact/,,true,true
NYC_GOID_100009,Active,Division,Office of the City Clerk,,"City Clerk, Office of the",https://www.cityclerk.nyc.gov/content/,,,City Clerk and Clerk of the Council,Michael McSweeney,Michael,McSweeney,,City Council,true,true
NYC_GOID_000093,Active,Nonprofit Organization,Weeksville Heritage Center,,Weeksville Heritage Center,https://www.weeksvillesociety.org/,,,CEO,Raymond Codrington,Raymond,Codrington,,,false,false
NYC_GOID_100003,Active,Division,Unity Project,UP,Unity Project,https://www.nyc.gov/content/unityproject/pages/,NYC Unity Project,,Director,Ronald Porcelli,Ronald,Porcelli,https://www.nyc.gov/content/unityproject/pages/contact,Mayor's Office of Equity and Racial Justice,true,true
NYC_GOID_000465,Active,Nonprofit Organization,Perelman Performing Arts Center,PACNYC,Perelman Performing Arts Center,https://pacnyc.org/,World Trade Center Performing Arts Center;PAC NYC,,Executive Director,Khady Kamara Nunez,Khady,Nunez,,,false,false
NYC_GOID_100014,Active,Public Benefit or Development Organization,Build NYC Resource Corporation,,BuildNYC,https://edc.nyc/build-nyc,Build NYC,,,,,,,,false,false
NYC_GOID_000086,Active,Nonprofit Organization,Snug Harbor Cultural Center and Botanical Garden,,Snug Harbor Cultural Center and Botanical Garden,https://snug-harbor.org/,,,President & CEO,Jessica Baker Vodoor,Jessica,Baker Vodoor,,,false,false
NYC_GOID_000154,Active,Mayoral Agency,Department of Social Services,DSS,"Social Services, Department of",https://www.nyc.gov/site/dss/index.page,,,Commissioner,Erin Dalton,Erin,Dalton,https://www.nyc.gov/site/hra/about/email-the-commissioner.page,Deputy Mayor for Health and Human Services,true,true
NYC_GOID_000119,Active,Advisory or Regulatory Organization,Community Services Board,CSB,Community Services Board,https://www.nyc.gov/site/doh/health/health-topics/mh-community-services-board.page,,,,,,,,,false,false
NYC_GOID_000185,Active,Advisory or Regulatory Organization,Equal Employment Practices Commission,EEPC,Equal Employment Practices Commission,https://www.nyc.gov/site/eepc/index.page,Equal Employment Opportunity,,Executive Director,Jeanne M. Victor,Jeanne,Victor,https://www.nyc.gov/site/eepc/about/email-the-executive-director.page,Mayor,true,true
NYC_GOID_000037,Active,Public Benefit or Development Organization,Brooklyn Navy Yard Development Corporation,BNYDC,Brooklyn Navy Yard Development Corporation,https://www.brooklynnavyyard.org/,,,Chief Executive Officer & President,Lindsay Greene,Lindsay,Greene,https://www.brooklynnavyyard.org/,,false,false
NYC_GOID_000325,Active,Public Benefit or Development Organization,New York City Public Housing Preservation Trust,,"Public Housing Preservation Trust, New York City",https://www.preservationtrust.org/,,,President,Vlada Kenniff,Vlada,Kenniff,,,false,false
NYC_GOID_000397,Active,Advisory or Regulatory Organization,Public Design Commission,PDC,Public Design Commission,https://www.nyc.gov/site/designcommission/index.page,Art Commission,,Executive Director,Erich Bilal,Erich,Bilal,https://www.nyc.gov/site/designcommission/about/people/contact.page,Deputy Mayor for Housing and Planning,true,true
NYC_GOID_000385,Active,Mayoral Office,Mayor's Office for Prevention of Hate Crimes,OPHC,"Prevention of Hate Crimes, Mayor's Office for the",https://www.nyc.gov/site/stophate/index.page,,,Executive Director,Vijah Ramjattan,Vijah,Ramjattan,https://www.nyc.gov/site/stophate/about/contact-us.page,First Deputy Mayor,false,true
NYC_GOID_000002,Active,Mayoral Agency,Administration for Children's Services,ACS,"Children's Services, Administration for",https://www.nyc.gov/site/acs/index.page,,,Commissioner,Rebecca Jones Gaston,Rebecca,Jones Gaston,https://www.nyc.gov/site/acs/about/contact-acs.page,Deputy Mayor for Health and Human Services,true,true
NYC_GOID_000390,Active,Pension Fund,New York City Police Pension Fund,PPF,"Police Pension Fund, New York City",https://www.nyc.gov/content/nycppf/pages/,,,Executive Director,Kevin Holloran,Kevin,Holloran,https://www.nyc.gov/content/nycppf/pages/contact-the-fund,,false,true
NYC_GOID_000456,Active,Advisory or Regulatory Organization,Veterans Advisory Board,VAB,Veterans Advisory Board,https://www1.nyc.gov/site/veterans/community/veterans-advisory-board.page,,,,,,,,,false,false
NYC_GOID_000172,Active,Elected Office,Staten Island District Attorney's Office,,"District Attorney's Office, Staten Island",https://www.statenislandda.org/,Richmond County District Attorney's Office,,District Attorney,Michael E. McMahon,Michael,McMahon,https://www.statenislandda.org/contact/,,true,true
NYC_GOID_000155,Active,Division,Department of Homeless Services,DHS,"Homeless Services, Department of",https://www.nyc.gov/site/dhs/index.page,,,Administrator,Joslyn Carter,Joslyn,Carter,https://www.nyc.gov/assets/home/mail/html/maildhs.html,Deputy Mayor for Health and Human Services,true,true
NYC_GOID_000105,Active,Advisory or Regulatory Organization,Civilian Complaint Review Board,CCRB,Civilian Complaint Review Board,https://www.nyc.gov/site/ccrb/index.page,,,Executive Director,Jonathan Darche,Jonathan,Darche,https://www.nyc.gov/site/ccrb/about/contact/email-executive-director.page,Chief Counsel to the Mayor and City Hall,true,true
NYC_GOID_000069,Active,Nonprofit Organization,Jamaica Center for Arts and Learning,JCAL,Jamaica Center for Arts and Learning,https://www.jcal.org/,,,Executive Director,Leonard Jacobs,Leonard,Jacobs,,,false,false
NYC_GOID_000087,Active,Nonprofit Organization,Staten Island Children's Museum,,"Children's Museum, Staten Island",https://www.sichildrensmuseum.org/,,,Executive Director,Dina Rosenthal,Dina,Rosenthal,,,false,false
NYC_GOID_000088,Active,Nonprofit Organization,Staten Island Historical Society,,"Historical Society, Staten Island",https://www.historicrichmondtown.org/,,,Chief Executive Officer,Jessica B. Phillips,Jessica,Phillips,,,false,false
NYC_GOID_000278,Active,Mayoral Office,Mayor's Office of Special Projects and Community Events,MOSPCE,"Special Projects and Community Events, Mayor's Office of",https://www.nyc.gov/site/mospce/index.page,,,Executive Director,Trey Moynihan,Trey,Moynihan,https://www.nyc.gov/content/mospce/pages/contact-us,Chief of Staff,true,true
NYC_GOID_000149,Active,Mayoral Agency,Department of Parks and Recreation,DPR,"Parks and Recreation, Department of",https://www.nycgovparks.org/,NYC Parks,Parks,Commissioner,Tricia Shimamura,Tricia,Shimamura,https://www.nyc.gov/assets/home/mail/html/maildpr.html,Deputy Mayor for Operations,true,true
NYC_GOID_000235,Active,Public Benefit or Development Organization,Land Development Corporation,NYCLDC,Land Development Corporation,https://www.nycldc.com/,,,President,Jeanny Pak,Jeanny,Pak,,,false,false
NYC_GOID_000458,Active,Advisory or Regulatory Organization,Voter Assistance Advisory Committee,VAAC,Voter Assistance Advisory Committee,https://nyccfb.info/about/vaac,,,,,,,,,false,false
NYC_GOID_000253,Active,Mayoral Office,Mayor's Office to End Domestic and Gender-Based Violence,ENDGBV,"End Domestic and Gender-Based Violence, Mayor's Office to",https://www.nyc.gov/site/ocdv/index.page,Mayor's Office to Combat Domestic Violence,,Commissioner,Saloni Sethi,Saloni,Sethi,https://www.nyc.gov/site/ocdv/about/contact-endgbv.page,Deputy Mayor for Health and Human Services,true,true
NYC_GOID_000066,Active,Nonprofit Organization,Carnegie Hall,,Carnegie Hall,https://www.carnegiehall.org/,,,Executive and Artistic Director,Sir Clive Gillinson,Clive,Gillinson,,,false,false
NYC_GOID_000405,Active,Nonprofit Organization,Randall's Island Park Alliance,RIPA,Randall's Island Park Alliance,https://randallsisland.org/,,,President,Deborah Maher,Deborah,Maher,,,false,false
NYC_GOID_100026,Active,Advisory or Regulatory Organization,Youth Board,,Youth Board,https://www.nyc.gov/site/dycd/involved/boards-and-councils/nyc-youth-board.page,,,,,,,,,false,false
NYC_GOID_000174,Active,Advisory or Regulatory Organization,Domestic Violence Fatality Review Committee,FRC,Domestic Violence Fatality Review Committee,https://www1.nyc.gov/site/ocdv/press-resources/fatality-review-committee.page,,,,,,,,,false,false
NYC_GOID_000279,Active,Mayoral Office,"Mayor's Office of Sports, Wellness and Recreation",MOSWR,"Sports, Wellness, and Recreation, Mayor's Office of",https://www.nyc.gov/content/sports/pages/about-office-of-sports-wellness-and-recreation,Mayor's Office of Sports and Recreation,,Director,,,,,Chief of Staff,true,true
NYC_GOID_100011,Active,Division,Office of Data Analytics,ODA,"Data Analytics, Office of",https://www.nyc.gov/content/oti/pages/data-analytics,Mayor's Office of Data Analytics,MODA,Chief Analytics Officer,,,,https://www.nyc.gov/content/oti/pages/email-the-chief-technology-officer,Deputy Mayor for Operations,true,true
NYC_GOID_000148,Active,Mayoral Agency,Department of Investigation,DOI,"Investigation, Department of",https://www.nyc.gov/site/doi/index.page,,,Commissioner,Jocelyn Strauber,Jocelyn,Strauber,https://www.nyc.gov/site/doi/contact/contact-doi.page,Mayor,true,true
NYC_GOID_100017,Active,Division,Office of Nightlife,ONL,"Nightlife, Office of",https://www.nyc.gov/site/sbs/businesses/nightlife.page,,,Executive Director,Jeffrey Garcia,Jeffrey,Garcia,,Deputy Mayor for Economic Justice,false,false
NYC_GOID_000234,Active,State Government Agency,Kings County Public Administrator,KCPA,"Public Administrator, Kings County",https://www.nyc.gov/site/kcpa/index.page,,,Public Administrator,"Kerry D. Archer, ESQ",Kerry,Archer,https://www.nyc.gov/site/kcpa/contact/contact.page,,false,true
NYC_GOID_000374,Active,Mayoral Office,Mayor's Office of Management and Budget,OMB,"Management and Budget, Mayor's Office of",https://www.nyc.gov/site/omb/index.page,,,Director,Sherif Soliman,Sherif,Soliman,https://www.nyc.gov/site/omb/contact/contact.page,First Deputy Mayor,true,true
NYC_GOID_000168,Active,Elected Office,Bronx District Attorney's Office,,"District Attorney's Office, Bronx",https://www.bronxda.nyc.gov/,Bronx County District Attorney's Office,,District Attorney,Darcel D. Clark,Darcel,Clark,https://www.bronxda.nyc.gov/html/contact/contact.shtml,,true,true
NYC_GOID_000396,Active,Elected Office,Office of the Public Advocate,PUB ADV,"Public Advocate, Office of the",https://advocate.nyc.gov/,Office of the Public Advocate for the City of New York;Public Advocate,,Public Advocate,Jumaane Williams,Jumaane,Williams,https://advocate.nyc.gov/intake,,true,true
NYC_GOID_000252,Active,Mayoral Office,Mayor's Office for Economic Opportunity,NYC OPPORTUNITY,"Economic Opportunity, Mayor's Office for",https://www.nyc.gov/site/opportunity/index.page,,,Executive Director,Carson Hicks,Carson,Hicks,https://www.nyc.gov/site/opportunity/about/contact-us.page,Deputy Mayor for Economic Justice,true,true
NYC_GOID_000332,Active,Advisory or Regulatory Organization,New York City Watershed Protection and Partnership Council,WPPC,"Watershed Protection and Partnership Council, New York City",https://dos.ny.gov/new-york-city-watershed-program,,,,,,,,,false,false
NYC_GOID_000335,Active,Nonprofit Organization,New York Public Library,NYPL,"Public Library, New York",https://www.nypl.org/,,,President and CEO,Anthony W. Marx,Anthony,Marx,https://www.nypl.org/get-help/contact-us,,false,true
NYC_GOID_000194,Active,Nonprofit Organization,Flushing Meadows Corona Park Alliance,,Flushing Meadows Corona Park Alliance,https://allianceforfmcp.org/,,,Executive Director,Anthony Sama,Anthony,Sama,,,false,false
NYC_GOID_000392,Active,Advisory or Regulatory Organization,Procurement Policy Board,PPB,Procurement Policy Board,https://www.nyc.gov/site/mocs/regulations/ppb.page,,,,,,,,Office of the Mayor;Office of the New York City Comptroller,true,true
NYC_GOID_000026,Active,Elected Office,Office of the Borough President of The Bronx,,"Borough President, Bronx",https://bronxboropres.nyc.gov/,,,Bronx Borough President,Vanessa L. Gibson,Vanessa,Gibson,https://bronxboropres.nyc.gov/contact/,,true,true
NYC_GOID_000135,Active,Mayoral Agency,Department for the Aging,NYC AGING,"Aging, Department for the",https://www.nyc.gov/site/dfta/index.page,NYC Aging,DFTA,Commissioner,Lisa Scott-McKenzie,Lisa,Scott-McKenzie,https://www.nyc.gov/site/dfta/about/email-the-commissioner.page,Deputy Mayor for Health and Human Services,true,true
NYC_GOID_000018,Active,Advisory or Regulatory Organization,Banking Commission,,Banking Commission,https://www.nyc.gov/site/finance/about/banking-commission.page,,,,,,,,,false,false
NYC_GOID_000410,Active,Public Benefit or Development Organization,Residential Mortgage Insurance Corporation,REMIC,Residential Mortgage Insurance Corporation,https://www.nychdc.com/subsidiaries/remic,,,,,,,,,false,false
NYC_GOID_000266,Active,Mayoral Office,Mayor's Office of Criminal Justice,MOCJ,"Criminal Justice, Mayor's Office of",https://criminaljustice.cityofnewyork.us/,,,Director,Deanna Logan,Deanna,Logan,https://criminaljustice.cityofnewyork.us/contact-us/,First Deputy Mayor,true,true
NYC_GOID_000030,Active,Elected Office,Office of the Borough President of Staten Island,,"Borough President, Staten Island",https://www.statenislandusa.com/bp-office.html,,,Staten Island Borough President,Vito J. Fossella,Vito,Fossella,https://www.statenislandusa.com/contact.html,,true,true
NYC_GOID_000111,Active,Advisory or Regulatory Organization,Commission on Gender Equity,CGE,"Gender Equity, Commission on",https://www.nyc.gov/content/genderequity/pages/,,,Executive Director,Priya Nair,Priya,Nair,https://www.nyc.gov/site/genderequity/contact/contact.page,Deputy Mayor for Economic Justice,true,true
NYC_GOID_000159,Active,Mayoral Agency,Department of Youth and Community Development,DYCD,"Youth and Community Development, Department of",https://www.nyc.gov/site/dycd/index.page,,,Commissioner,Sandra Escamilla-Davies,Sandra,Escamilla-Davies,https://www.nyc.gov/site/dycd/about/contact/email-the-commissioner.page,Deputy Mayor for Health and Human Services,true,true
NYC_GOID_000344,Active,Mayoral Office,Office of the Administrative Justice Coordinator,AJC,"Administrative Justice Coordinator, Office of the",https://www.nyc.gov/site/ajc/index.page,,,Administrative Justice Coordinator,David B. Goldin,David,Goldin,https://www.nyc.gov/site/ajc/about/email-the-administrative-justice-coordinator.page,Chief Counsel to the Mayor and City Hall,true,true
NYC_GOID_000286,Active,Mayoral Office,Mayor's Office to Protect Tenants,MOPT,"Protect Tenants, Mayor's Office to",https://www.nyc.gov/content/tenantprotection/pages/,,,Director,Cea Weaver,Cea,Weaver,,Deputy Mayor for Housing and Planning,true,true
NYC_GOID_000391,Active,Public Benefit or Development Organization,Primary Care Development Corporation,PCDC,Primary Care Development Corporation,https://www.pcdc.org/,,,CEO,Louise Cohen,Louise,Cohen,,,false,false
NYC_GOID_000073,Active,Nonprofit Organization,Museum of the City of New York,MCNY,"City of New York, Museum of the",https://www.mcny.org/,,,Ronay Menschel Director and President,Stephanie Hill Wilchfort,Stephanie,Hill Wilchfort,,,false,false
NYC_GOID_000150,Active,Mayoral Agency,Department of Probation,DOP,"Probation, Department of",https://www.nyc.gov/site/probation/index.page,,,Commissioner,Sharun Goodwin,Sharun,Goodwin,https://www.nyc.gov/site/probation/about/email-the-commissioner.page,First Deputy Mayor,true,true
NYC_GOID_000364,Active,Mayoral Office,Mayor's Office of Environmental Remediation,OER,"Environmental Remediation, Mayor's Office of",https://www.nyc.gov/site/oer/index.page,,,Director,Shaminder Chawla,Shaminder,Chawla,https://www.nyc.gov/site/oer/contact/contact-form.page,Mayor's Office of Climate and Environmental Justice,true,true
NYC_GOID_000208,Active,Nonprofit Organization,GrowNYC,,GrowNYC,https://www.grownyc.org/,,,President and CEO,Marcel Van Ooyen,Marcel,Van Ooyen,,,false,false
NYC_GOID_100005,Active,Division,Sheriff,,Sheriff,https://www.nyc.gov/site/finance/sheriff-courts/sheriff.page,NYC Sheriff,,Sheriff,Edwin Raymond,Edwin,Raymond,https://www.nyc.gov/site/finance/about/contact-us.page,Department of Finance,true,true
NYC_GOID_000293,Active,Division,Mayor's Public Engagement Unit,PEU,"Public Engagement Unit, Mayor's",https://www.nyc.gov/site/mayorspeu/index.page,,,Acting Executive Director,Isolina De La Cruz,Isolina,De La Cruz,https://www.nyc.gov/site/mayorspeu/about-peu/contact.page,Mayor's Office of Mass Engagement,true,true
NYC_GOID_000264,Active,Mayoral Office,Mayor's Office of Contract Services,MOCS,"Contract Services, Mayor's Office of",https://www.nyc.gov/site/mocs/index.page,,,Director,Kim Yu,Kim,Yu,https://www.nyc.gov/site/mocs/about/contact-mocs.page,Deputy Mayor for Operations,true,true
NYC_GOID_000065,Active,Nonprofit Organization,Brooklyn Museum,,"Museum, Brooklyn",https://www.brooklynmuseum.org/,,,Shelby White and Leon Levy Director,Anne Pasternak,Anne,Pasternak,,,false,false
NYC_GOID_100015,Active,Nonprofit Organization,Center for Brooklyn History,CBH,Center for Brooklyn History,https://www.bklynlibrary.org/cbh/about/history,Brooklyn Historical Society,,Executive Director,Lexy Mayers,Lexy,Mayers,,Brooklyn Public Library,false,false
NYC_GOID_000224,Active,Public Benefit or Development Organization,Industrial Development Agency,NYCIDA,Industrial Development Agency,https://edc.nyc/nycida,,,,,,,,,false,false
NYC_GOID_100020,Active,Division,Office of the Inspector General for the NYPD,OIG-NYPD,"Inspector General for the NYPD, Office of the",https://www1.nyc.gov/site/doi/offices/oignypd.page,,OIGNYPD,Inspector General,Jeanene Barrett,Jeanene,Barrett,,Department of Investigation,false,false
NYC_GOID_000127,Active,Nonprofit Organization,Council for Airport Opportunity,CAO,"Airport Opportunity, Council for",https://www.caonynj.com/,,,Executive Director,Andrew Campbell,Andrew,Campbell,,,false,false
NYC_GOID_000034,Active,Public Benefit or Development Organization,Brooklyn Bridge Park Corporation,BBP,Brooklyn Bridge Park Corporation,https://brooklynbridgepark.org/about/brooklyn-bridge-park-corporation/,,,President,Eric Landau,Eric,Landau,,,false,false
NYC_GOID_000399,Active,Mayoral Office,Office of the Public Realm,,"Public Realm, Office of the",https://www.nyc.gov/site/publicrealm/index.page,,,Chief Public Realm Officer,,,,https://www.nyc.gov/site/publicrealm/contact-us/contact-public-realm.page,,false,true
NYC_GOID_100034,Active,Mayoral Office,Mayor's Office of Mass Engagement,,"Mass Engagement, Mayor's Office of",https://www.nyc.gov/content/organize/pages/,,,Commissioner,Tascha Van Auken,Tascha,Van Auken,https://www.nyc.gov/content/organize/pages/contact,,true,true
NYC_GOID_000220,Active,Public Benefit or Development Organization,Hudson Yards Infrastructure Corporation,HYIC,Hudson Yards Infrastructure Corporation,https://www.nyc.gov/site/hyic/index.page,,,President,David Womack,David,Womack,https://www.nyc.gov/site/hyic/about/contact-the-hyic.page,,false,false
NYC_GOID_000063,Active,Nonprofit Organization,Brooklyn Botanic Garden,BBG,"Botanic Garden, Brooklyn",https://www.bbg.org/,,,President and CEO,Adrian Benepe,Adrian,Benepe,,,false,false
NYC_GOID_000012,Active,Nonprofit Organization,Animal Care Centers of NYC,ACC,Animal Care Centers of NYC,https://www.nycacc.org/,,,Chief Executive Officer,Risa Weinstock,Risa,Weinstock,,,false,false
NYC_GOID_000452,Active,Public Benefit or Development Organization,United Nations Development Corporation,UNDC,United Nations Development Corporation,https://undc.org/,,,Executive Vice President & General Counsel,Robert Cole,Robert,Cole,,,false,false
NYC_GOID_000401,Active,State Government Agency,Public Administrator of Queens County,,"Public Administrator, Queens County",https://www.queenscountypa.com/,,,Public Administrator,Lois Rosenblatt,Lois,Rosenblatt,http://www.queenscountypa.com/contact-us/,,false,true
NYC_GOID_000355,Active,Division,Office of Community Hiring,,"Community Hiring, Office of",https://www.nyc.gov/site/communityhiring/index.page,,,,,,,https://www.nyc.gov/site/communityhiring/about/contact-us.page,Mayor's Office of Talent and Workforce Development,false,false
NYC_GOID_000318,Active,Public Benefit or Development Organization,NYC Health + Hospitals,H+H,"Health + Hospitals, NYC",https://www.nychealthandhospitals.org/,,,President and CEO,Mitchell Katz,Mitchell,Katz,https://www.nychealthandhospitals.org/contact/,Deputy Mayor for Health and Human Services,true,true
NYC_GOID_000230,Active,Nonprofit Organization,"Jamaica Bay - Rockaway Parks Conservancy, Inc.",JBRPC,"Jamaica Bay - Rockaway Parks Conservancy, Inc.",http://www.jbrpc.org/,,,Executive Director,Terri Carta,Terri,Carta,,,false,false
NYC_GOID_000040,Active,Advisory or Regulatory Organization,Business Integrity Commission,BIC,Business Integrity Commission,https://www.nyc.gov/site/bic/index.page,,,Commissioner/Chair,Asim Rehman,Asim,Rehman,https://www.nyc.gov/site/bic/contact/email-the-commissioner.page,First Deputy Mayor,true,true
NYC_GOID_000316,Active,Pension Fund,New York City Employee Retirement System,NYCERS,"Employees' Retirement System, New York City",https://www.nycers.org/,,,Executive Director,Elizabeth Reyes,Elizabeth Reyes,Reyes,https://mynycers.nycers.org/MyNYCERS/s/ED-Correspondence,,false,true
NYC_GOID_000072,Active,Nonprofit Organization,Metropolitan Museum of Art,,Metropolitan Museum of Art,https://www.metmuseum.org/,,,Marina Kellen French Director and CEO,Max Hollein,Max,Hollein,,,false,false
NYC_GOID_000334,Active,State Government Agency,New York County Public Administrator,,"Public Administrator, New York County",https://www.nyc.gov/site/nycountypa/index.page,,,Public Administrator,Dahlia Damas,Dahlia,Damas,https://www.nyc.gov/site/nycountypa/contact/contact.page,,false,true
NYC_GOID_000082,Active,Nonprofit Organization,Public Theater,,Public Theater,https://publictheater.org/,,,Executive Director,Patrick Willingham,Patrick,Willingham,,,false,false
NYC_GOID_000363,Active,Mayoral Office,Mayor's Office of Environmental Coordination,MOEC,"Environmental Coordination, Mayor's Office of",https://www.nyc.gov/site/oec/index.page,,,Director,Hilary Semel,Hilary,Semel,https://www.nyc.gov/site/oec/about/email-the-director.page,Mayor's Office of Climate and Environmental Justice,true,true
NYC_GOID_000084,Active,Nonprofit Organization,Queens Museum,,"Museum, Queens",https://queensmuseum.org/,,,President and Executive Director,Sally Tallant,Sally,Tallant,,,false,false
NYC_GOID_000090,Active,Nonprofit Organization,Staten Island Zoological Society,,"Zoological Society, Staten Island",https://www.statenislandzoo.org/,,,Executive Director,Ken Mitchell,Ken,Mitchell,,,false,false
NYC_GOID_000241,Active,Public Benefit or Development Organization,Lower Manhattan Development Corporation,LMDC,Lower Manhattan Development Corporation,http://www.renewnyc.com/,,,President,Daniel A. Ciniello,Daniel,Ciniello,,,false,false
NYC_GOID_000048,Active,Nonprofit Organization,Central Park Conservancy,,Central Park Conservancy,https://www.centralparknyc.org/,,,President & CEO,Elizabeth W. Smith,Elizabeth,Smith,,,false,false
NYC_GOID_000468,Active,Mayoral Office,New York City Young Men's Initiative,YMI,"Young Men's Initiative, New York City",https://www.nyc.gov/site/ymi/index.page,Young Men's Initiative,,Executive Director,,,,https://www.nyc.gov/site/ymi/contact/contact.page,Deputy Mayor for Economic Justice,true,true
NYC_GOID_000097,Active,Elected Office,New York City Council,NYCC,"City Council, New York City",https://council.nyc.gov/,City Council,,Speaker,Julie Menin,Julie,Menin,https://council.nyc.gov/districts/,,true,true
NYC_GOID_000126,Active,Public Benefit or Development Organization,Convention Center Operating Corporation (Javits),NYCCOC,Convention Center Operating Corporation (Javits),https://www.javitscenter.com/,,,CEO,Joyce Leveston,Joyce,Leveston,,,false,false
NYC_GOID_000170,Active,Elected Office,Manhattan District Attorney's Office,,"District Attorney's Office, Manhattan",https://manhattanda.org/,New York County District Attorney's Office,,District Attorney,Alvin Bragg Jr.,Alvin,Bragg,https://manhattanda.org/contact-us/,,true,true
NYC_GOID_000459,Active,Public Benefit or Development Organization,New York City Water Board,NYWB,"Water Board, New York City",https://www.nyc.gov/site/nycwaterboard/index.page,,,Executive Director,Nerissa Moray,Nerissa,Moray,https://www.nyc.gov/site/nycwaterboard/contact/contact.page,,false,false
NYC_GOID_000038,Active,Nonprofit Organization,Brooklyn Public Library,BPL,"Public Library, Brooklyn",https://www.bklynlibrary.org/,,,President and CEO,Linda E. Johnson,Linda,Johnson,https://www.bklynlibrary.org/contact,,false,true
NYC_GOID_000261,Active,Mayoral Office,Mayor's Office of Citywide Events Coordination and Management,CECM,"Citywide Event Coordination and Management, Mayor's Office of",https://www.nyc.gov/site/cecm/index.page,,,Director,Dawn Tolson,Dawn,Tolson,https://www.nyc.gov/site/cecm/about/contact-cecm.page,Chief of Staff,true,true
NYC_GOID_000179,Active,Advisory or Regulatory Organization,Economic Development Corporation Life Sciences Advisory Council,,Economic Development Corporation Life Sciences Advisory Council,https://edc.nyc/advisory-council,,,,,,,,,false,false
NYC_GOID_000139,Active,Mayoral Agency,Department of Consumer and Worker Protection,DCWP,"Consumer and Worker Protection, Department of",https://www.nyc.gov/site/dca/index.page,Department of Consumer Affairs,DCA,Commissioner,Sam Levine,Sam,Levine,https://www.nyc.gov/site/dca/about/email-the-commissioner.page,Deputy Mayor for Economic Justice,true,true
NYC_GOID_000327,Active,Nonprofit Organization,New York City School Support Services,NYCSSS,"School Support Services, New York City",https://www.nycsss.org/,,,,,,,,,false,false
NYC_GOID_000402,Active,Nonprofit Organization,Queens Public Library,QPL,"Public Library, Queens",https://www.queenslibrary.org/,,,President and CEO,Dennis M. Walcott,Dennis,Walcott,https://www.queenslibrary.org/about-us/contact-us,,false,true
NYC_GOID_000022,Active,Pension Fund,Board of Education Retirement System,BERS,"Education Retirement System, Board of",https://www.bers.nyc.gov/,,,Executive Director,Sanford Rich,Sanford,Rich,https://www.bers.nyc.gov/site/bers/about/email-bers.page,,false,true
NYC_GOID_000076,Active,Nonprofit Organization,Museum of the Moving Image,MoMI,"Moving Image, Museum of the",https://movingimage.us/,,,Executive Director,Aziz Isham,Aziz,Isham,,,false,false
NYC_GOID_100024,Active,Advisory or Regulatory Organization,New York City Tax Commission,TAXCOMM,"Tax Commission, New York City",https://www1.nyc.gov/site/taxcommission/index.page,Tax Commission;NYC Tax Commission,,President,Robert J. Firestone,Robert,Firestone,,,false,true
NYC_GOID_000099,Active,State Government Agency,City University of New York,CUNY,City University of New York,https://www.cuny.edu/,,,Chancellor,Felix V. Matos Rodriguez,Felix,Rodriguez,https://www.cuny.edu/contact-us/,First Deputy Mayor,true,true
NYC_GOID_000153,Active,Mayoral Agency,Department of Small Business Services,SBS,"Small Business Services, Department of",https://www.nyc.gov/site/sbs/index.page,,,Commissioner,Kenny Minaya,Kenny,Minaya,https://www.nyc.gov/site/sbs/about/email-the-commissioner.page,Deputy Mayor for Economic Justice,true,true
NYC_GOID_000206,Active,Nonprofit Organization,Greenbelt Conservancy,,Greenbelt Conservancy,https://sigreenbelt.org/,,,Executive Director,Steven Cain,Steven,Cain,,,false,false
NYC_GOID_000443,Active,Advisory or Regulatory Organization,Three Quarter Housing Task Force,,Three Quarter Housing Task Force,https://www1.nyc.gov/content/tenantprotection/pages/tqh-task-force,,,,,,,,,false,false
NYC_GOID_000059,Active,Nonprofit Organization,American Museum of Natural History,AMNH,American Museum of Natural History,https://www.amnh.org/,,,President,Sean M. Decatur,Sean,Decatur,,,false,false
NYC_GOID_000182,Active,Advisory or Regulatory Organization,Environmental Control Board,ECB,Environmental Control Board,https://www.nyc.gov/site/oath/hearings/about-ecb.page,,,Chairperson (Commissioner & Chief Administrative Law Judge),Asim Rehman,Asim,Rehman,,,false,false
NYC_GOID_100016,Active,Advisory or Regulatory Organization,Cultural Affairs Advisory Commission,CAAC,Cultural Affairs Advisory Commission,https://www1.nyc.gov/site/dcla/about/advisory-commission.page,,,,,,,,,false,false
NYC_GOID_000145,Active,Mayoral Agency,Department of Finance,DOF,"Finance, Department of",https://www.nyc.gov/site/finance/index.page,,,Commissioner,Richard Lee,Richard,Lee,https://www.nyc.gov/site/finance/about/contact-by-email/contact-us-general-correspondence.page,First Deputy Mayor,true,true
NYC_GOID_000436,Active,Mayoral Agency,New York City Taxi and Limousine Commission,TLC,"Taxi and Limousine Commission, New York City",https://www.nyc.gov/site/tlc/index.page,Taxi and Limousine Commission,NYC TLC,Commissioner and Chair,Midori Valdivia,Midori,Valdivia,https://www.nyc.gov/site/tlc/about/email-the-commissioner.page,Deputy Mayor for Economic Justice,true,true
NYC_GOID_000017,Active,Advisory or Regulatory Organization,Audit Committee,,Audit Committee,https://nycauditcommittee.org/,,,,,,,,,false,false
NYC_GOID_000247,Active,Advisory or Regulatory Organization,Mayor's Committee on City Marshals,MCCM,"City Marshals, Mayor's Committee on",https://www.nyc.gov/site/marshals/index.page,,,,,,,https://www.nyc.gov/site/marshals/about/email-the-committee.page,,false,true
NYC_GOID_000169,Active,Elected Office,Brooklyn District Attorney's Office,,"District Attorney's Office, Brooklyn",http://www.brooklynda.org/,Kings County District Attorney's Office,,District Attorney,Eric Gonzalez,Eric,Gonzalez,http://brooklynda.org/das-action-center/,,true,true
NYC_GOID_000354,Active,Advisory or Regulatory Organization,Office of Collective Bargaining,OCB,"Collective Bargaining, Office of",https://www.ocb-nyc.org/,,,,,,,,,false,false
NYC_GOID_000345,Active,Advisory or Regulatory Organization,Office of Administrative Tax Appeals,OATA,"Administrative Tax Appeals, Office of",https://www.nyc.gov/site/oata/index.page,,,Director,Neil Schaier,Neil,Schaier,,,false,true
NYC_GOID_000213,Active,Advisory or Regulatory Organization,HIV Planning Council,,HIV Planning Council,https://nyhiv.org/,,,,,,,,,false,false
NYC_GOID_000124,Active,Advisory or Regulatory Organization,Conflicts of Interest Board,COIB,Conflicts of Interest Board,https://www.nyc.gov/site/coib/index.page,,,Executive Director,Carolyn Miller,Carolyn,Miller,https://www.nyc.gov/site/coib/contact/email-the-executive-director.page,Chief Counsel to the Mayor and City Hall,true,true
NYC_GOID_000067,Active,Nonprofit Organization,El Museo del Barrio,,El Museo del Barrio,https://www.elmuseo.org/,,,Executive Director,Patrick Charpenel,Patrick,Charpenel,,,false,false
NYC_GOID_000255,Active,Mayoral Office,Mayor's Office for International Affairs,IA,"International Affairs, Mayor's Office for",https://www.nyc.gov/site/international/index.page,,,Commissioner,Ana María Archila,Ana María,Archila,https://www.nyc.gov/site/international/contact/email-the-office.page,Chief of Staff,true,true
NYC_GOID_000144,Active,Mayoral Agency,Department of Environmental Protection,DEP,"Environmental Protection, Department of",https://www.nyc.gov/site/dep/index.page,,,Commissioner,Lisa Garcia,Lisa,Garcia,https://www.nyc.gov/site/dep/about/email-the-commissioner.page,Deputy Mayor for Operations,true,true
NYC_GOID_000416,Active,Public Benefit or Development Organization,School Construction Authority,SCA,School Construction Authority,https://www.nycsca.org/,,,President and CEO,Nina Kubota,Nina,Kubota,https://www.nycsca.org/Footer/Contact-Us,First Deputy Mayor,true,true
NYC_GOID_000330,Active,Advisory or Regulatory Organization,New York City Transit Riders Council,NYCTRC,"Transit Riders Council, New York City",https://pcac.org/nyctrc/,New York City Transit Authority Advisory Council,NYCTAAC,,,,,,,false,false
NYC_GOID_000414,Active,Public Benefit or Development Organization,Roosevelt Island Operating Corporation,,Roosevelt Island Operating Corporation,https://rioc.ny.gov/,,,,,,,,,false,false
NYC_GOID_000428,Active,Advisory or Regulatory Organization,Street Harassment Prevention Advisory Board,,Street Harassment Prevention Advisory Board,https://www.nyc.gov/site/ocdv/programs/end-street-harassment.page,,,,,,,,,false,false
NYC_GOID_000218,Active,Public Benefit or Development Organization,Hudson River Park Trust,,Hudson River Park Trust,https://hudsonriverpark.org/,,,President & CEO,Noreen Doyle,Noreen,Doyle,,,false,false
NYC_GOID_000371,Active,Mayoral Office,Office of Labor Relations,OLR,"Labor Relations, Office of",https://www1.nyc.gov/site/olr/index.page,,,Commissioner,Renee Campion,Renee,Campion,https://www.nyc.gov/site/olr/about/about-contact-olr.page,First Deputy Mayor,true,true
NYC_GOID_100013,Active,Advisory or Regulatory Organization,Archival Review Board,ARB,Archival Review Board,https://www.nyc.gov/site/records/about/archival-review-board.page,,,,,,,,,false,false
NYC_GOID_000146,Active,Mayoral Agency,Department of Health and Mental Hygiene,DOHMH,"Health and Mental Hygiene, Department of",https://www.nyc.gov/site/doh/index.page,NYC Health;Health Department,DOH,Commissioner,Alister Martin,Alister,Martin,https://www.nyc.gov/site/doh/about/email-the-commissioner.page,Deputy Mayor for Health and Human Services,true,true
NYC_GOID_000331,Active,Public Benefit or Development Organization,New York City Transitional Finance Authority,TFA,"Transitional Finance Authority, New York City",https://www.nyc.gov/site/transitionalfinance/index.page,,,Executive Director,David Womack,David,Womack,https://www.nyc.gov/site/transitionalfinance/about-tfa/contact-transitional-finance-authority.page,,false,false
NYC_GOID_000141,Active,Mayoral Agency,Department of Cultural Affairs,DCLA,"Cultural Affairs, Department of",https://www.nyc.gov/site/dcla/index.page,,,Commissioner,Diya Vij,Diya,Vij,https://www.nyc.gov/site/dcla/about/email-the-commissioner.page,Deputy Mayor for Economic Justice,true,true
NYC_GOID_000062,Active,Nonprofit Organization,Brooklyn Academy of Music,BAM,"Academy of Music, Brooklyn",https://www.bam.org/,,,Interim Chief Executive Officer,Tamara McCaw,Tamara,McCaw,,,false,false
NYC_GOID_000324,Active,Advisory or Regulatory Organization,New York City Panel on Climate Change,NPCC,"Panel on Climate Change, New York City",https://www.nyc.gov/content/climate/pages/reports-and-publications/new-york-city-panel-on-climate-change-npcc,,,,,,,,,false,false
NYC_GOID_000272,Active,Mayoral Office,Mayor's Office of Minority and Women-Owned Business Enterprises,MWBE,"Minority and Women-Owned Business Enterprises, Mayor's Office of",https://www.nyc.gov/assets/mwbe/,,Office of M/WBE,Citywide Chief Business Diversity Officer,Michael Garner,Michael,Garner,https://www.nyc.gov/assets/mwbe/?page=contact-us,Deputy Mayor for Economic Justice,true,true
NYC_GOID_000408,Active,Advisory or Regulatory Organization,Rent Guidelines Board,RGB,Rent Guidelines Board,https://rentguidelinesboard.cityofnewyork.us/,,,Executive Director,Andrew McLaughlin,Andrew,McLaughlin,https://rentguidelinesboard.cityofnewyork.us/about/contact-the-rent-guidelines-board/,,false,true
NYC_GOID_000461,Active,Advisory or Regulatory Organization,Workforce Development Board,,Workforce Development Board,https://www1.nyc.gov/site/wkdev/workforce-board/about-the-board.page,,,,,,,,,false,false
NYC_GOID_000045,Active,Public Benefit or Development Organization,Catskill Watershed Corporation,CWC,Catskill Watershed Corporation,https://cwconline.org/,,,Executive Director,Jason Merwin,Jason,Merwin,,,false,false
NYC_GOID_100021,Active,Mayoral Agency,Office of the Chief Medical Examiner,OCME,"Chief Medical Examiner, Office of the",https://www1.nyc.gov/site/ocme/index.page,,,Chief Medical Examiner,Jason Graham,Jason,Graham,,Deputy Mayor for Health and Human Services,true,true
NYC_GOID_000008,Active,Advisory or Regulatory Organization,Advisory Council for the NYC Civil Court Housing Part,,"NYC Civil Court Housing Part, Advisory Council for",https://ww2.nycourts.gov/courts/nyc/housing/advisory.shtml,,,,,,,,,false,false
NYC_GOID_000138,Active,Mayoral Agency,Department of Citywide Administrative Services,DCAS,"Citywide Administrative Services, Department of",https://www.nyc.gov/site/dcas/index.page,,,Commissioner,Yume Kitasei,Yume,Kitasei,https://www.nyc.gov/site/dcas/about/email-the-commissioner.page,Deputy Mayor for Operations,true,true
