Use_Type,Category,Pct_of_Curb,Linear_Curb_Miles_Approx,Notes
Free/unmetered parking,Car Storage,54,6480,Dominant use; includes residential and commercial free parking
Metered/regulated parking,Car Storage,8,960,Coin and ParkNYC meters in commercial districts
Driveways and curb cuts,Vehicle Access,9,1080,Residential and commercial driveway aprons
Fire hydrant clearance zones,Vehicle Access,5,600,NYC fire code requires 15 ft clear on each side of every hydrant
Commercial loading/delivery,Active Use,5,600,Marked loading zones; not counting illegal double-parking
Bus stops and bus bays,Active Use,4,480,Painted bus stop zones
Protected bike lanes,Transit Infrastructure,3,360,~387 miles of protected lanes citywide as of 2024
Dedicated bus lanes,Transit Infrastructure,2,240,~68 miles of dedicated bus lanes citywide as of 2024
Other regulated,Other,10,1200,No-standing zones; taxi stands; accessible parking; CitiBike docks; other
